category,brief,article
Accessories,"CATEGORY: Accessories

TOP 3 PRODUCTS:
1) Amazon 9W PowerFast Official OEM USB Charger and Power Adapter for Fire Tablets and Kindle eReaders | rating=4.67 | reviews=39
   complaints: (not enough negative reviews)
2) AmazonBasics 15.6-Inch Laptop and Tablet Bag | rating=4.52 | reviews=21
   complaints: (not enough negative reviews)
3) AmazonBasics Ventilated Adjustable Laptop Stand | rating=4.33 | reviews=24
   complaints: (not enough negative reviews)

WORST PRODUCT: AmazonBasics Backpack for Laptops up to 17-inches | rating=4.16 | reviews=25
avoid because: low ratings / frequent negatives",Amazon 9W PowerFast Official OEM USB Charger and Power Adapter for Fire Tablets and Kindle eReaders | rating=4.67 | reviews=39 complaints: (not enough negative reviews) AmazonBasics 15.6-Inch Laptop and Tablet Bag | rating=4.52 | reviews=21 complaints: (not enough negative reviews) AmazonBasics Ventilated Adjustable Laptop Stand | rating=4.33 | reviews=24 complaints: (not enough negative reviews) AmazonBasics Backpack for Laptops up to 17-inches | rating=4.16 | reviews=25 avoid because: low ratings / frequent negatives
Batteries & Household,"CATEGORY: Batteries & Household

TOP 3 PRODUCTS:
1) AmazonBasics AAA Performance Alkaline Batteries (36 Count) | rating=4.45 | reviews=8343
   complaints: batteries; long; don; battery; amazon
2) AmazonBasics AA Performance Alkaline Batteries (48 Count) - Packaging May Vary | rating=4.45 | reviews=3728
   complaints: batteries; long; don; battery; amazon
3) Expanding Accordion File Folder Plastic Portable Document Organizer Letter Size | rating=5.00 | reviews=9
   complaints: (not enough negative reviews)

WORST PRODUCT: AmazonBasics AAA Performance Alkaline Batteries (36 Count) | rating=4.45 | reviews=8343
avoid because: batteries; long; don; battery; amazon; buy",AmazonBasics AAA Performance Alkaline Batteries (36 Count) | Rating=4.45 | reviews=8343 | Avoid because: batteries; long; don; battery; amazon; buy
E-Readers,"CATEGORY: E-Readers

TOP 3 PRODUCTS:
1) Kindle Voyage E-reader, 6 High-Resolution Display (300 ppi) with Adaptive Built-in Light, PagePress Sensors, Wi-Fi - Includes Special Offers | rating=4.73 | reviews=505
   complaints: (not enough negative reviews)
2) Kindle E-reader - White, 6 Glare-Free Touchscreen Display, Wi-Fi - Includes Special Offers | rating=4.54 | reviews=287
   complaints: (not enough negative reviews)
3) Kindle Oasis E-reader with Leather Charging Cover - Walnut, 6 High-Resolution Display (300 ppi), Wi-Fi - Includes Special Offers | rating=4.61 | reviews=62
   complaints: (not enough negative reviews)

WORST PRODUCT: Kindle E-reader - White, 6 Glare-Free Touchscreen Display, Wi-Fi - Includes Special Offers | rating=4.54 | reviews=287
avoid because: low ratings / frequent negatives","Kindle Voyage E-reader, 6 High-Resolution Display (300 ppi) with Adaptive Built-in Light, PagePress Sensors, Wi-Fi - Includes Special Offers | rating=4.73 | reviews=505 complaints: (not enough negative reviews) Kindle Oasis E-reader with Leather Charging Cover - Walnut, 6 High-Resolution Display (300 ppi), Wi-Fi - Includes Special Offers | rating=4.54 | reviews=287 complaints: (not enough negative reviews)"
Fire Tablets,"CATEGORY: Fire Tablets

TOP 3 PRODUCTS:
1) Fire HD 8 Tablet with Alexa, 8 HD Display, 16 GB, Tangerine - with Special Offers | rating=4.60 | reviews=2445
   complaints: tablet; just; good; bought; amazon
2) All-New Fire HD 8 Tablet, 8 HD Display, Wi-Fi, 16 GB - Includes Special Offers, Black | rating=4.58 | reviews=2370
   complaints: tablet; just; good; amazon; apps
3) Fire Kids Edition Tablet, 7 Display, Wi-Fi, 16 GB, Pink Kid-Proof Case | rating=4.53 | reviews=1702
   complaints: tablet; charge; apps; slow; good

WORST PRODUCT: Fire Tablet, 7 Display, Wi-Fi, 16 GB - Includes Special Offers, Black | rating=4.51 | reviews=1028
avoid because: tablet; apps; buy; amazon; purchased; poor","Fire Tablets: 3 products: Fire HD 8 Tablet with Alexa, 8 HD Display, 16 GB, Tangerine - with Special Offers | rating=4.60 | reviews=2445 complaints: tablet; just; good; bought; amazon; purchased; poor"
Media & Home,"CATEGORY: Media & Home

TOP 3 PRODUCTS:
1) Fire TV Stick Streaming Media Player Pair Kit | rating=5.00 | reviews=6
   complaints: (not enough negative reviews)
2) AmazonBasics 16-Gauge Speaker Wire - 100 Feet | rating=5.00 | reviews=5
   complaints: (not enough negative reviews)
3) AmazonBasics External Hard Drive Case | rating=4.50 | reviews=6
   complaints: (not enough negative reviews)",The top 3 products in the Media & Home category.
Smart Speakers,"CATEGORY: Smart Speakers

TOP 3 PRODUCTS:
1) Amazon Tap Smart Assistant Alexaenabled (black) Brand New | rating=4.54 | reviews=601
   complaints: tap; work; dot; got; didn
2) Amazon Echo (1st Generationcertified) Color:White Free Shipping | rating=4.31 | reviews=13
   complaints: (not enough negative reviews)
3) Certified Refurbished Amazon Echo | rating=5.00 | reviews=7
   complaints: (not enough negative reviews)

WORST PRODUCT: Amazon Tap Smart Assistant Alexaenabled (black) Brand New | rating=4.54 | reviews=601
avoid because: tap; work; dot; got; didn; returned","Amazon Echo - Best Sellers, Best Price, Best Customer Rating"
